{
    "LSTM": {
        "best_loss": 0.0001582446784595959,
        "best_params": {
            "lr": 0.004938674499343076,
            "batch_size": 256,
            "weight_decay": 0.00020626995712758373,
            "dropout": 0.2463641272235208,
            "hidden_dim": 128,
            "ffn_multiplier": 3,
            "num_layers": 1
        }
    },
    "Transformer": {
        "best_loss": 0.00019548851014405955,
        "best_params": {
            "lr": 0.000214215204983697,
            "batch_size": 32,
            "weight_decay": 0.0003397134314323268,
            "dropout": 0.20742863780082638,
            "hidden_dim": 128,
            "ffn_multiplier": 2,
            "num_heads": 4,
            "num_layers": 2
        }
    },
    "LSTM_Transformer": {
        "best_loss": 0.00017468947148050314,
        "best_params": {
            "lr": 0.0012129325868794677,
            "batch_size": 64,
            "weight_decay": 2.1511066282761358e-05,
            "dropout": 0.43402307476461705,
            "hidden_dim": 128,
            "ffn_multiplier": 2,
            "num_lstm_layers": 1,
            "num_trans_layers": 1,
            "num_heads": 8
        }
    },
    "Parallel_LSTM_Transformer": {
        "best_loss": 0.00022289495245786384,
        "best_params": {
            "lr": 0.0008979789752686359,
            "batch_size": 256,
            "weight_decay": 0.0009331870928123205,
            "dropout": 0.22795558361053994,
            "hidden_dim": 128,
            "ffn_multiplier": 2,
            "num_lstm_layers": 2,
            "num_trans_layers": 1,
            "num_heads": 2
        }
    }
}