{
    "LSTM": {
        "best_loss": 0.0001674279462479587,
        "best_params": {
            "lr": 0.0019883297850929057,
            "batch_size": 32,
            "weight_decay": 6.536284831538474e-05,
            "dropout": 0.1746965602896977,
            "hidden_dim": 128,
            "num_layers": 1
        }
    },
    "Transformer": {
        "best_loss": 0.00020454879164130295,
        "best_params": {
            "lr": 0.00015415073767802167,
            "batch_size": 32,
            "weight_decay": 3.697459207560768e-06,
            "dropout": 0.1016338807727642,
            "hidden_dim": 64,
            "num_heads": 2,
            "num_layers": 2,
            "ffn_dim": 64
        }
    },
    "LSTM_Transformer": {
        "best_loss": 0.0001704613584609303,
        "best_params": {
            "lr": 0.0011091428842490603,
            "batch_size": 64,
            "weight_decay": 2.0676911571060396e-05,
            "dropout": 0.4724591100155078,
            "hidden_dim": 128,
            "num_lstm_layers": 1,
            "num_trans_layers": 2,
            "num_heads": 8,
            "ffn_dim": 64
        }
    },
    "Parallel_LSTM_Transformer": {
        "best_loss": 0.0002649101604349978,
        "best_params": {
            "lr": 0.0003143370452078691,
            "batch_size": 32,
            "weight_decay": 4.412255082087176e-05,
            "dropout": 0.11076313892757544,
            "hidden_dim": 128,
            "num_lstm_layers": 2,
            "num_trans_layers": 2,
            "num_heads": 4,
            "ffn_dim": 128
        }
    }
}